<diagram program="umletino" version="14.2"><zoom_level>10</zoom_level><element><id>UMLClass</id><coordinates><x>90</x><y>230</y><w>140</w><h>120</h></coordinates><panel_attributes>WebUser
--
username : String {PK}
password : String
securityQuestion : String
answer : String
--</panel_attributes><additional_attributes></additional_attributes></element><element><id>UMLClass</id><coordinates><x>40</x><y>460</y><w>140</w><h>90</h></coordinates><panel_attributes>Guest
--


--</panel_attributes><additional_attributes></additional_attributes></element><element><id>UMLClass</id><coordinates><x>200</x><y>460</y><w>140</w><h>90</h></coordinates><panel_attributes>AccountHolder
--
isLocked : boolean
address : string
--</panel_attributes><additional_attributes></additional_attributes></element><element><id>Relation</id><coordinates><x>170</x><y>340</y><w>130</w><h>140</h></coordinates><panel_attributes>lt=&lt;&lt;-
{Mandatory,OR}</panel_attributes><additional_attributes>10;10;10;60;110;60;110;120</additional_attributes></element><element><id>Relation</id><coordinates><x>100</x><y>340</y><w>100</w><h>140</h></coordinates><panel_attributes>lt=&lt;&lt;-</panel_attributes><additional_attributes>80;10;80;60;10;60;10;120</additional_attributes></element><element><id>Relation</id><coordinates><x>220</x><y>255</y><w>170</w><h>50</h></coordinates><panel_attributes>lt=-&gt;
m1=1..1
m2=0..1
has</panel_attributes><additional_attributes>10;20;150;20</additional_attributes></element><element><id>UMLClass</id><coordinates><x>370</x><y>230</y><w>200</w><h>110</h></coordinates><panel_attributes>ShoppingCart
--
cart : Product[]
timeStamp : int
--
add(product)
remove(product)
checkout()</panel_attributes><additional_attributes></additional_attributes></element><element><id>UMLClass</id><coordinates><x>690</x><y>230</y><w>140</w><h>90</h></coordinates><panel_attributes>Product
--
productID : int {PK}

--</panel_attributes><additional_attributes></additional_attributes></element><element><id>Relation</id><coordinates><x>560</x><y>255</y><w>150</w><h>50</h></coordinates><panel_attributes>lt=-&gt;
m1=1..1
m2=0..*
has</panel_attributes><additional_attributes>10;20;130;20</additional_attributes></element><element><id>UMLClass</id><coordinates><x>970</x><y>230</y><w>160</w><h>90</h></coordinates><panel_attributes>Supplier
--
companyName : String {PK}

--</panel_attributes><additional_attributes></additional_attributes></element><element><id>Relation</id><coordinates><x>820</x><y>255</y><w>170</w><h>50</h></coordinates><panel_attributes>lt=-&gt;
m1=1..*
m2=1..1
comes from</panel_attributes><additional_attributes>10;20;150;20</additional_attributes></element><element><id>UMLClass</id><coordinates><x>500</x><y>450</y><w>220</w><h>170</h></coordinates><panel_attributes>Order
--
date : datetime
number : int {PK}
payment : int
shipment : Product[]
isShipped : boolean
destination : String
--
ship()
cancel()</panel_attributes><additional_attributes></additional_attributes></element><element><id>Relation</id><coordinates><x>460</x><y>330</y><w>150</w><h>140</h></coordinates><panel_attributes>lt=&lt;-
m1=1..1
m2=1..1
creates</panel_attributes><additional_attributes>110;120;110;50;10;50;10;10</additional_attributes></element><element><id>UMLClass</id><coordinates><x>310</x><y>650</y><w>140</w><h>90</h></coordinates><panel_attributes>Customer
--
phone : int
email : String
history : String[]
--</panel_attributes><additional_attributes></additional_attributes></element><element><id>Relation</id><coordinates><x>260</x><y>540</y><w>100</w><h>130</h></coordinates><panel_attributes>lt=&lt;&lt;-</panel_attributes><additional_attributes>10;10;10;60;80;60;80;110</additional_attributes></element><element><id>Relation</id><coordinates><x>400</x><y>370</y><w>90</w><h>300</h></coordinates><panel_attributes>lt=.</panel_attributes><additional_attributes>70;10;10;10;10;280</additional_attributes></element></diagram>