<diagram program="umletino" version="14.2"><zoom_level>10</zoom_level><element><id>UMLClass</id><coordinates><x>130</x><y>90</y><w>170</w><h>90</h></coordinates><panel_attributes>User
--
email : String {PK}
password : String
--
login()
makeDraft()</panel_attributes><additional_attributes></additional_attributes></element><element><id>UMLClass</id><coordinates><x>450</x><y>90</y><w>210</w><h>90</h></coordinates><panel_attributes>Inbox
--
contents : Mail[]
spamList : String[]
--
filterImportant(contents : Mail[]) : Mail[]
filterOutJunk(contents : Mail[]) : Mail[]</panel_attributes><additional_attributes></additional_attributes></element><element><id>UMLClass</id><coordinates><x>450</x><y>280</y><w>150</w><h>110</h></coordinates><panel_attributes>Mail
--
sender : String {PK}
sendDate : DateTime {PK}
--
forward()
reply()
open()</panel_attributes><additional_attributes></additional_attributes></element><element><id>UMLClass</id><coordinates><x>130</x><y>280</y><w>170</w><h>110</h></coordinates><panel_attributes>Draft
--
subject : String
contents : String
resipients : String[]
timeStamp : DateTime {PK}
--
send()</panel_attributes><additional_attributes></additional_attributes></element><element><id>Relation</id><coordinates><x>290</x><y>120</y><w>180</w><h>50</h></coordinates><panel_attributes>lt=&lt;&lt;&lt;&lt;&lt;-&gt;
m1=1..1
m2=1..1
has</panel_attributes><additional_attributes>10;20;160;20</additional_attributes></element><element><id>Relation</id><coordinates><x>200</x><y>170</y><w>80</w><h>130</h></coordinates><panel_attributes>lt=&lt;&lt;&lt;&lt;-&gt;
m1=1..1
m2=0..*
can make</panel_attributes><additional_attributes>10;10;10;110</additional_attributes></element><element><id>Relation</id><coordinates><x>520</x><y>170</y><w>50</w><h>130</h></coordinates><panel_attributes>lt=&lt;&lt;&lt;&lt;-&gt;
m1=1..1
m2=0..*
has</panel_attributes><additional_attributes>10;10;10;110</additional_attributes></element><element><id>Relation</id><coordinates><x>290</x><y>330</y><w>180</w><h>30</h></coordinates><panel_attributes>lt=&lt;&lt;-</panel_attributes><additional_attributes>10;10;160;10</additional_attributes></element></diagram>