<diagram program="umletino" version="14.2"><zoom_level>10</zoom_level><element><id>UMLClass</id><coordinates><x>30</x><y>50</y><w>130</w><h>150</h></coordinates><panel_attributes>User
--
username : String {PK}
password : String
address : String
creditCardNumber : int
birthday : Datetime
/age : int
--
login()
subscribe()</panel_attributes><additional_attributes></additional_attributes></element><element><id>UMLClass</id><coordinates><x>40</x><y>300</y><w>180</w><h>90</h></coordinates><panel_attributes>ShoppingCart
--
cart : DVD[]
/total : double
--
order(address : String) : boolean
removeDVD()</panel_attributes><additional_attributes></additional_attributes></element><element><id>UMLClass</id><coordinates><x>340</x><y>50</y><w>120</w><h>90</h></coordinates><panel_attributes>Catalog
--
catalog : DVD[]
browsingTimes : int[]
--
search()
filter()</panel_attributes><additional_attributes></additional_attributes></element><element><id>UMLClass</id><coordinates><x>350</x><y>260</y><w>110</w><h>90</h></coordinates><panel_attributes>DVD
--
price : double
runtime : double
description : String
--
rate()</panel_attributes><additional_attributes></additional_attributes></element><element><id>UMLClass</id><coordinates><x>440</x><y>470</y><w>150</w><h>80</h></coordinates><panel_attributes>OnlineDVD
--
watchPercentage : double
isCaptioned : boolean
--
watch()</panel_attributes><additional_attributes></additional_attributes></element><element><id>UMLClass</id><coordinates><x>270</x><y>470</y><w>130</w><h>80</h></coordinates><panel_attributes>PhysicalDVD
--
rentalHistory : String[]
condition : int [0..10]
--
addToCart()</panel_attributes><additional_attributes></additional_attributes></element><element><id>Relation</id><coordinates><x>150</x><y>80</y><w>210</w><h>50</h></coordinates><panel_attributes>lt=-&gt;
can view
m1=1..*
m2=1..1</panel_attributes><additional_attributes>10;20;190;20</additional_attributes></element><element><id>Relation</id><coordinates><x>90</x><y>190</y><w>50</w><h>130</h></coordinates><panel_attributes>lt=&lt;&lt;&lt;&lt;-&gt;
has
m1=1..1
m2=0..1</panel_attributes><additional_attributes>10;10;10;110</additional_attributes></element><element><id>Relation</id><coordinates><x>390</x><y>130</y><w>50</w><h>150</h></coordinates><panel_attributes>lt=&lt;&lt;&lt;&lt;&lt;-&gt;
has
m1=1..1
m2=1..*</panel_attributes><additional_attributes>10;10;10;130</additional_attributes></element><element><id>Relation</id><coordinates><x>310</x><y>340</y><w>120</w><h>150</h></coordinates><panel_attributes>lt=-&gt;&gt;</panel_attributes><additional_attributes>10;130;10;80;100;80;100;10</additional_attributes></element><element><id>Relation</id><coordinates><x>400</x><y>340</y><w>120</w><h>150</h></coordinates><panel_attributes>lt=-&gt;&gt;
{Mandatory,OR}</panel_attributes><additional_attributes>100;130;100;80;10;80;10;10</additional_attributes></element><element><id>Relation</id><coordinates><x>90</x><y>380</y><w>200</w><h>160</h></coordinates><panel_attributes>lt=&lt;-
has
m1=1..*
m2=1..1</panel_attributes><additional_attributes>180;130;10;130;10;10</additional_attributes></element><element><id>UMLClass</id><coordinates><x>190</x><y>170</y><w>140</w><h>40</h></coordinates><panel_attributes>View
--
ageRestricted : boolean</panel_attributes><additional_attributes></additional_attributes></element><element><id>Relation</id><coordinates><x>250</x><y>90</y><w>30</w><h>100</h></coordinates><panel_attributes>lt=.</panel_attributes><additional_attributes>10;80;10;10</additional_attributes></element></diagram>