<?xml version="1.0" encoding="UTF-8"?>
<project-private xmlns="http://www.netbeans.org/ns/project-private/1">
    <editor-bookmarks xmlns="http://www.netbeans.org/ns/editor-bookmarks/2" lastBookmarkId="0"/>
    <open-files xmlns="http://www.netbeans.org/ns/projectui-open-files/2">
        <group>
            <file>file:/C:/Users/Christian/Desktop/friendshipNetwork/src/Driver.java</file>
            <file>file:/C:/Users/Christian/Desktop/friendshipNetwork/src/FileChooser.java</file>
            <file>file:/C:/Users/Christian/Desktop/friendshipNetwork/src/Vertex.java</file>
            <file>file:/C:/Users/Christian/Desktop/friendshipNetwork/src/Graph.java</file>
            <file>file:/C:/Users/Christian/Desktop/friendshipNetwork/src/Path.java</file>
            <file>file:/C:/Users/Christian/Desktop/friendshipNetwork/src/PathWrapper.java</file>
            <file>file:/C:/Users/Christian/Desktop/friendshipNetwork/src/Edge.java</file>
            <file>file:/C:/Users/Christian/Desktop/friendshipNetwork/src/RecommendationWrapper.java</file>
            <file>file:/C:/Users/Christian/Desktop/friendshipNetwork/src/FriendConnection.java</file>
        </group>
    </open-files>
</project-private>
