<diagram program="umletino" version="14.2"><zoom_level>10</zoom_level><element><id>UMLClass</id><coordinates><x>0</x><y>10</y><w>100</w><h>30</h></coordinates><panel_attributes>_Customer_</panel_attributes><additional_attributes></additional_attributes></element><element><id>Relation</id><coordinates><x>40</x><y>30</y><w>30</w><h>660</h></coordinates><panel_attributes>lt=.</panel_attributes><additional_attributes>10;640;10;10</additional_attributes></element><element><id>UMLClass</id><coordinates><x>110</x><y>10</y><w>100</w><h>30</h></coordinates><panel_attributes>_Firewall_</panel_attributes><additional_attributes></additional_attributes></element><element><id>UMLClass</id><coordinates><x>220</x><y>10</y><w>100</w><h>30</h></coordinates><panel_attributes>_CSN Server_</panel_attributes><additional_attributes></additional_attributes></element><element><id>UMLClass</id><coordinates><x>330</x><y>10</y><w>130</w><h>30</h></coordinates><panel_attributes>_Origin Load Balancer_</panel_attributes><additional_attributes></additional_attributes></element><element><id>UMLClass</id><coordinates><x>470</x><y>10</y><w>130</w><h>30</h></coordinates><panel_attributes>_Origin Web Server_</panel_attributes><additional_attributes></additional_attributes></element><element><id>UMLClass</id><coordinates><x>610</x><y>10</y><w>130</w><h>30</h></coordinates><panel_attributes>_ISS Worker Process_</panel_attributes><additional_attributes></additional_attributes></element><element><id>UMLClass</id><coordinates><x>750</x><y>10</y><w>130</w><h>30</h></coordinates><panel_attributes>_Database Server_</panel_attributes><additional_attributes></additional_attributes></element><element><id>Relation</id><coordinates><x>150</x><y>30</y><w>30</w><h>660</h></coordinates><panel_attributes>lt=.</panel_attributes><additional_attributes>10;640;10;10</additional_attributes></element><element><id>Relation</id><coordinates><x>260</x><y>30</y><w>30</w><h>660</h></coordinates><panel_attributes>lt=.</panel_attributes><additional_attributes>10;640;10;10</additional_attributes></element><element><id>Relation</id><coordinates><x>390</x><y>30</y><w>30</w><h>660</h></coordinates><panel_attributes>lt=.</panel_attributes><additional_attributes>10;640;10;10</additional_attributes></element><element><id>Relation</id><coordinates><x>530</x><y>30</y><w>30</w><h>660</h></coordinates><panel_attributes>lt=.</panel_attributes><additional_attributes>10;640;10;10</additional_attributes></element><element><id>Relation</id><coordinates><x>670</x><y>30</y><w>30</w><h>660</h></coordinates><panel_attributes>lt=.</panel_attributes><additional_attributes>10;640;10;10</additional_attributes></element><element><id>Relation</id><coordinates><x>810</x><y>30</y><w>30</w><h>660</h></coordinates><panel_attributes>lt=.</panel_attributes><additional_attributes>10;640;10;10</additional_attributes></element><element><id>UMLGeneric</id><coordinates><x>40</x><y>40</y><w>20</w><h>620</h></coordinates><panel_attributes></panel_attributes><additional_attributes></additional_attributes></element><element><id>UMLGeneric</id><coordinates><x>150</x><y>110</y><w>20</w><h>480</h></coordinates><panel_attributes></panel_attributes><additional_attributes></additional_attributes></element><element><id>UMLGeneric</id><coordinates><x>260</x><y>170</y><w>20</w><h>340</h></coordinates><panel_attributes></panel_attributes><additional_attributes></additional_attributes></element><element><id>UMLGeneric</id><coordinates><x>390</x><y>200</y><w>20</w><h>80</h></coordinates><panel_attributes></panel_attributes><additional_attributes></additional_attributes></element><element><id>UMLGeneric</id><coordinates><x>530</x><y>240</y><w>20</w><h>220</h></coordinates><panel_attributes></panel_attributes><additional_attributes></additional_attributes></element><element><id>UMLGeneric</id><coordinates><x>670</x><y>260</y><w>20</w><h>150</h></coordinates><panel_attributes></panel_attributes><additional_attributes></additional_attributes></element><element><id>UMLGeneric</id><coordinates><x>810</x><y>280</y><w>20</w><h>100</h></coordinates><panel_attributes></panel_attributes><additional_attributes></additional_attributes></element><element><id>Relation</id><coordinates><x>50</x><y>120</y><w>120</w><h>40</h></coordinates><panel_attributes>lt=&lt;-
make a request</panel_attributes><additional_attributes>100;20;10;20</additional_attributes></element><element><id>Relation</id><coordinates><x>160</x><y>170</y><w>120</w><h>40</h></coordinates><panel_attributes>lt=&lt;-
forwards request</panel_attributes><additional_attributes>100;20;10;20</additional_attributes></element><element><id>Relation</id><coordinates><x>270</x><y>200</y><w>140</w><h>40</h></coordinates><panel_attributes>lt=&lt;-
makes request</panel_attributes><additional_attributes>120;20;10;20</additional_attributes></element><element><id>Relation</id><coordinates><x>400</x><y>240</y><w>150</w><h>40</h></coordinates><panel_attributes>lt=&lt;-
forwards request</panel_attributes><additional_attributes>130;20;10;20</additional_attributes></element><element><id>Relation</id><coordinates><x>540</x><y>270</y><w>150</w><h>40</h></coordinates><panel_attributes>lt=&lt;-
forwards request</panel_attributes><additional_attributes>130;20;10;20</additional_attributes></element><element><id>Relation</id><coordinates><x>680</x><y>290</y><w>150</w><h>40</h></coordinates><panel_attributes>lt=&lt;-
forwards request</panel_attributes><additional_attributes>130;20;10;20</additional_attributes></element><element><id>Relation</id><coordinates><x>680</x><y>340</y><w>150</w><h>40</h></coordinates><panel_attributes>lt=&lt;.
returns request</panel_attributes><additional_attributes>10;20;130;20</additional_attributes></element><element><id>Relation</id><coordinates><x>540</x><y>370</y><w>150</w><h>40</h></coordinates><panel_attributes>lt=&lt;.
returns request</panel_attributes><additional_attributes>10;20;130;20</additional_attributes></element><element><id>Relation</id><coordinates><x>270</x><y>410</y><w>280</w><h>40</h></coordinates><panel_attributes>lt=&lt;.
returns request</panel_attributes><additional_attributes>10;20;260;20</additional_attributes></element><element><id>Relation</id><coordinates><x>160</x><y>460</y><w>120</w><h>40</h></coordinates><panel_attributes>lt=&lt;.
returns request</panel_attributes><additional_attributes>10;20;100;20</additional_attributes></element><element><id>Relation</id><coordinates><x>50</x><y>540</y><w>120</w><h>40</h></coordinates><panel_attributes>lt=&lt;.
returns request</panel_attributes><additional_attributes>10;20;100;20</additional_attributes></element></diagram>