<diagram program="umletino" version="14.2"><zoom_level>10</zoom_level><element><id>UMLGeneric</id><coordinates><x>40</x><y>40</y><w>100</w><h>30</h></coordinates><panel_attributes>_Buyer_</panel_attributes><additional_attributes></additional_attributes></element><element><id>Relation</id><coordinates><x>80</x><y>60</y><w>30</w><h>620</h></coordinates><panel_attributes>lt=.</panel_attributes><additional_attributes>10;10;10;600</additional_attributes></element><element><id>UMLGeneric</id><coordinates><x>230</x><y>40</y><w>100</w><h>30</h></coordinates><panel_attributes>_Realtor_</panel_attributes><additional_attributes></additional_attributes></element><element><id>UMLGeneric</id><coordinates><x>420</x><y>40</y><w>100</w><h>30</h></coordinates><panel_attributes>_Realtor Database_</panel_attributes><additional_attributes></additional_attributes></element><element><id>UMLGeneric</id><coordinates><x>610</x><y>40</y><w>100</w><h>30</h></coordinates><panel_attributes>_Owner_</panel_attributes><additional_attributes></additional_attributes></element><element><id>Relation</id><coordinates><x>270</x><y>60</y><w>30</w><h>620</h></coordinates><panel_attributes>lt=.</panel_attributes><additional_attributes>10;10;10;600</additional_attributes></element><element><id>Relation</id><coordinates><x>650</x><y>60</y><w>30</w><h>620</h></coordinates><panel_attributes>lt=.</panel_attributes><additional_attributes>10;10;10;600</additional_attributes></element><element><id>Relation</id><coordinates><x>460</x><y>60</y><w>30</w><h>610</h></coordinates><panel_attributes>lt=.</panel_attributes><additional_attributes>10;10;10;590</additional_attributes></element><element><id>UMLGeneric</id><coordinates><x>82</x><y>90</y><w>20</w><h>560</h></coordinates><panel_attributes></panel_attributes><additional_attributes></additional_attributes></element><element><id>Relation</id><coordinates><x>92</x><y>100</y><w>200</w><h>40</h></coordinates><panel_attributes>lt=&lt;-
contacts</panel_attributes><additional_attributes>180;20;10;20</additional_attributes></element><element><id>UMLGeneric</id><coordinates><x>272</x><y>100</y><w>20</w><h>100</h></coordinates><panel_attributes></panel_attributes><additional_attributes></additional_attributes></element><element><id>Relation</id><coordinates><x>92</x><y>160</y><w>200</w><h>40</h></coordinates><panel_attributes>lt=&lt;.
requests info</panel_attributes><additional_attributes>10;20;180;20</additional_attributes></element><element><id>Relation</id><coordinates><x>92</x><y>210</y><w>200</w><h>40</h></coordinates><panel_attributes>lt=&lt;-
submits info</panel_attributes><additional_attributes>180;20;10;20</additional_attributes></element><element><id>UMLGeneric</id><coordinates><x>272</x><y>220</y><w>20</w><h>110</h></coordinates><panel_attributes></panel_attributes><additional_attributes></additional_attributes></element><element><id>Relation</id><coordinates><x>282</x><y>230</y><w>200</w><h>40</h></coordinates><panel_attributes>lt=&lt;-
queries</panel_attributes><additional_attributes>180;20;10;20</additional_attributes></element><element><id>UMLGeneric</id><coordinates><x>462</x><y>230</y><w>20</w><h>80</h></coordinates><panel_attributes></panel_attributes><additional_attributes></additional_attributes></element><element><id>Relation</id><coordinates><x>282</x><y>270</y><w>200</w><h>40</h></coordinates><panel_attributes>lt=&lt;.
returns matches</panel_attributes><additional_attributes>10;20;180;20</additional_attributes></element><element><id>Relation</id><coordinates><x>92</x><y>290</y><w>200</w><h>40</h></coordinates><panel_attributes>lt=&lt;.
returns matches</panel_attributes><additional_attributes>10;20;180;20</additional_attributes></element><element><id>Relation</id><coordinates><x>92</x><y>340</y><w>200</w><h>40</h></coordinates><panel_attributes>lt=&lt;-
requests visit</panel_attributes><additional_attributes>180;20;10;20</additional_attributes></element><element><id>UMLGeneric</id><coordinates><x>272</x><y>340</y><w>20</w><h>110</h></coordinates><panel_attributes></panel_attributes><additional_attributes></additional_attributes></element><element><id>Relation</id><coordinates><x>282</x><y>350</y><w>200</w><h>40</h></coordinates><panel_attributes>lt=&lt;-
submits view request</panel_attributes><additional_attributes>180;20;10;20</additional_attributes></element><element><id>UMLGeneric</id><coordinates><x>462</x><y>350</y><w>20</w><h>80</h></coordinates><panel_attributes></panel_attributes><additional_attributes></additional_attributes></element><element><id>Relation</id><coordinates><x>472</x><y>360</y><w>200</w><h>40</h></coordinates><panel_attributes>lt=&lt;-
requests visit</panel_attributes><additional_attributes>180;20;10;20</additional_attributes></element><element><id>UMLGeneric</id><coordinates><x>652</x><y>370</y><w>20</w><h>50</h></coordinates><panel_attributes></panel_attributes><additional_attributes></additional_attributes></element><element><id>Relation</id><coordinates><x>472</x><y>380</y><w>200</w><h>40</h></coordinates><panel_attributes>lt=&lt;.
validates request</panel_attributes><additional_attributes>10;20;180;20</additional_attributes></element><element><id>Relation</id><coordinates><x>282</x><y>390</y><w>200</w><h>40</h></coordinates><panel_attributes>lt=&lt;.
returns validation</panel_attributes><additional_attributes>10;20;180;20</additional_attributes></element><element><id>Relation</id><coordinates><x>92</x><y>410</y><w>200</w><h>40</h></coordinates><panel_attributes>lt=&lt;.
returns validation</panel_attributes><additional_attributes>10;20;180;20</additional_attributes></element><element><id>Relation</id><coordinates><x>92</x><y>480</y><w>200</w><h>40</h></coordinates><panel_attributes>lt=&lt;-
reviews house</panel_attributes><additional_attributes>180;20;10;20</additional_attributes></element><element><id>UMLGeneric</id><coordinates><x>272</x><y>470</y><w>20</w><h>60</h></coordinates><panel_attributes></panel_attributes><additional_attributes></additional_attributes></element><element><id>Relation</id><coordinates><x>282</x><y>480</y><w>200</w><h>40</h></coordinates><panel_attributes>lt=&lt;-
submits review</panel_attributes><additional_attributes>180;20;10;20</additional_attributes></element><element><id>UMLGeneric</id><coordinates><x>462</x><y>470</y><w>20</w><h>60</h></coordinates><panel_attributes></panel_attributes><additional_attributes></additional_attributes></element><element><id>Relation</id><coordinates><x>92</x><y>550</y><w>200</w><h>40</h></coordinates><panel_attributes>lt=&lt;-
makes an offer</panel_attributes><additional_attributes>180;20;10;20</additional_attributes></element><element><id>UMLGeneric</id><coordinates><x>272</x><y>550</y><w>20</w><h>100</h></coordinates><panel_attributes></panel_attributes><additional_attributes></additional_attributes></element><element><id>Relation</id><coordinates><x>282</x><y>560</y><w>390</w><h>40</h></coordinates><panel_attributes>lt=&lt;-
sends offer</panel_attributes><additional_attributes>370;20;10;20</additional_attributes></element><element><id>UMLGeneric</id><coordinates><x>652</x><y>570</y><w>20</w><h>50</h></coordinates><panel_attributes></panel_attributes><additional_attributes></additional_attributes></element><element><id>Relation</id><coordinates><x>282</x><y>590</y><w>390</w><h>40</h></coordinates><panel_attributes>lt=&lt;.
accepts offer</panel_attributes><additional_attributes>10;20;370;20</additional_attributes></element><element><id>Relation</id><coordinates><x>282</x><y>610</y><w>200</w><h>40</h></coordinates><panel_attributes>lt=&lt;-
enters acceptence</panel_attributes><additional_attributes>180;20;10;20</additional_attributes></element><element><id>UMLGeneric</id><coordinates><x>462</x><y>620</y><w>20</w><h>30</h></coordinates><panel_attributes></panel_attributes><additional_attributes></additional_attributes></element><element><id>Relation</id><coordinates><x>92</x><y>620</y><w>200</w><h>40</h></coordinates><panel_attributes>lt=&lt;.
informs buyer</panel_attributes><additional_attributes>10;20;180;20</additional_attributes></element></diagram>