<diagram program="umletino" version="14.2"><zoom_level>10</zoom_level><element><id>UMLSpecialState</id><coordinates><x>60</x><y>70</y><w>20</w><h>20</h></coordinates><panel_attributes>type=initial</panel_attributes><additional_attributes></additional_attributes></element><element><id>UMLSpecialState</id><coordinates><x>590</x><y>710</y><w>20</w><h>20</h></coordinates><panel_attributes>type=final</panel_attributes><additional_attributes></additional_attributes></element><element><id>UMLState</id><coordinates><x>230</x><y>60</y><w>200</w><h>40</h></coordinates><panel_attributes>Ticket and Game Dates Available</panel_attributes><additional_attributes></additional_attributes></element><element><id>Relation</id><coordinates><x>60</x><y>70</y><w>190</w><h>30</h></coordinates><panel_attributes>lt=-&gt;</panel_attributes><additional_attributes>10;10;170;10</additional_attributes></element><element><id>Relation</id><coordinates><x>370</x><y>90</y><w>230</w><h>140</h></coordinates><panel_attributes>lt=-&gt;
Purchase Season Starts[1 month later]</panel_attributes><additional_attributes>10;10;10;120</additional_attributes></element><element><id>UMLState</id><coordinates><x>230</x><y>210</y><w>200</w><h>40</h></coordinates><panel_attributes>Ticket Available for Purchase</panel_attributes><additional_attributes></additional_attributes></element><element><id>UMLState</id><coordinates><x>230</x><y>360</y><w>200</w><h>40</h></coordinates><panel_attributes>Ticket Purchased</panel_attributes><additional_attributes></additional_attributes></element><element><id>Relation</id><coordinates><x>370</x><y>240</y><w>180</w><h>140</h></coordinates><panel_attributes>lt=-&gt;
Customer Purchases Ticket</panel_attributes><additional_attributes>10;10;10;120</additional_attributes></element><element><id>UMLState</id><coordinates><x>230</x><y>530</y><w>200</w><h>40</h></coordinates><panel_attributes>Paper Ticket</panel_attributes><additional_attributes></additional_attributes></element><element><id>Relation</id><coordinates><x>370</x><y>390</y><w>100</w><h>160</h></coordinates><panel_attributes>lt=-&gt;
Ticket Printed</panel_attributes><additional_attributes>10;10;10;140</additional_attributes></element><element><id>Relation</id><coordinates><x>370</x><y>560</y><w>180</w><h>160</h></coordinates><panel_attributes>lt=-&gt;
Redeemed[at correct game]</panel_attributes><additional_attributes>10;10;10;140</additional_attributes></element><element><id>UMLState</id><coordinates><x>230</x><y>700</y><w>200</w><h>40</h></coordinates><panel_attributes>Ticket Used</panel_attributes><additional_attributes></additional_attributes></element><element><id>Relation</id><coordinates><x>420</x><y>710</y><w>190</w><h>30</h></coordinates><panel_attributes>lt=-&gt;</panel_attributes><additional_attributes>10;10;170;10</additional_attributes></element></diagram>