<diagram program="umletino" version="14.2"><zoom_level>10</zoom_level><element><id>UMLSpecialState</id><coordinates><x>38</x><y>70</y><w>20</w><h>20</h></coordinates><panel_attributes>type=initial</panel_attributes><additional_attributes></additional_attributes></element><element><id>UMLState</id><coordinates><x>198</x><y>60</y><w>290</w><h>40</h></coordinates><panel_attributes>Course Proposal</panel_attributes><additional_attributes></additional_attributes></element><element><id>UMLState</id><coordinates><x>200</x><y>190</y><w>290</w><h>40</h></coordinates><panel_attributes>Course Proposal Review</panel_attributes><additional_attributes></additional_attributes></element><element><id>UMLState</id><coordinates><x>200</x><y>320</y><w>290</w><h>70</h></coordinates><panel_attributes>Course on Titan Web
-.
Students May Enroll
</panel_attributes><additional_attributes></additional_attributes></element><element><id>UMLState</id><coordinates><x>200</x><y>480</y><w>290</w><h>40</h></coordinates><panel_attributes> Course Finalized</panel_attributes><additional_attributes></additional_attributes></element><element><id>Relation</id><coordinates><x>40</x><y>70</y><w>180</w><h>30</h></coordinates><panel_attributes>lt=-&gt;</panel_attributes><additional_attributes>10;10;160;10</additional_attributes></element><element><id>Relation</id><coordinates><x>430</x><y>90</y><w>180</w><h>120</h></coordinates><panel_attributes>lt=-&gt;
Professor Submits Proposal</panel_attributes><additional_attributes>10;10;10;100</additional_attributes></element><element><id>Relation</id><coordinates><x>230</x><y>90</y><w>150</w><h>120</h></coordinates><panel_attributes>lt=-&gt;
Dean Rejects Proposal</panel_attributes><additional_attributes>10;100;10;10</additional_attributes></element><element><id>Relation</id><coordinates><x>430</x><y>220</y><w>130</w><h>120</h></coordinates><panel_attributes>lt=-&gt;
Added to Titan Web</panel_attributes><additional_attributes>10;10;10;100</additional_attributes></element><element><id>Relation</id><coordinates><x>430</x><y>380</y><w>290</w><h>120</h></coordinates><panel_attributes>lt=-&gt;
Course Finalized[Enrollment Minimum Reached]</panel_attributes><additional_attributes>10;10;10;100</additional_attributes></element><element><id>UMLSpecialState</id><coordinates><x>608</x><y>490</y><w>20</w><h>20</h></coordinates><panel_attributes>type=final</panel_attributes><additional_attributes></additional_attributes></element><element><id>Relation</id><coordinates><x>480</x><y>490</y><w>150</w><h>30</h></coordinates><panel_attributes>lt=-&gt;</panel_attributes><additional_attributes>10;10;130;10</additional_attributes></element><element><id>UMLSpecialState</id><coordinates><x>30</x><y>330</y><w>20</w><h>20</h></coordinates><panel_attributes>type=termination</panel_attributes><additional_attributes></additional_attributes></element><element><id>UMLSpecialState</id><coordinates><x>30</x><y>490</y><w>20</w><h>20</h></coordinates><panel_attributes>type=termination</panel_attributes><additional_attributes></additional_attributes></element><element><id>Relation</id><coordinates><x>30</x><y>320</y><w>190</w><h>40</h></coordinates><panel_attributes>lt=-&gt;
Dean Cancels Course</panel_attributes><additional_attributes>170;20;10;20</additional_attributes></element><element><id>Relation</id><coordinates><x>30</x><y>480</y><w>190</w><h>40</h></coordinates><panel_attributes>lt=-&gt;
Dean Cancels Course</panel_attributes><additional_attributes>170;20;10;20</additional_attributes></element></diagram>