<?xml version="1.0" encoding="UTF-8"?>
<project-private xmlns="http://www.netbeans.org/ns/project-private/1">
    <editor-bookmarks xmlns="http://www.netbeans.org/ns/editor-bookmarks/2" lastBookmarkId="0"/>
    <open-files xmlns="http://www.netbeans.org/ns/projectui-open-files/2">
        <group>
            <file>file:/C:/Users/Christian/Desktop/fileSync/src/FileHeader.java</file>
            <file>file:/C:/Users/Christian/Desktop/fileSync/src/backup.txt</file>
            <file>file:/C:/Users/Christian/Desktop/fileSync/src/README.txt</file>
            <file>file:/C:/Users/Christian/Desktop/fileSync/src/HashTable.java</file>
            <file>file:/C:/Users/Christian/Desktop/fileSync/src/FileSynchronizer.java</file>
            <file>file:/C:/Users/Christian/Desktop/fileSync/src/PrimesCache.java</file>
            <file>file:/C:/Users/Christian/Desktop/fileSync/src/Driver.java</file>
        </group>
    </open-files>
</project-private>
