<?xml version="1.0" encoding="UTF-8"?>
<project-private xmlns="http://www.netbeans.org/ns/project-private/1">
    <editor-bookmarks xmlns="http://www.netbeans.org/ns/editor-bookmarks/2" lastBookmarkId="0"/>
    <open-files xmlns="http://www.netbeans.org/ns/projectui-open-files/2">
        <group>
            <file>file:/C:/Users/wendlc69/Desktop/lab12/src/Graph.java</file>
            <file>file:/C:/Users/wendlc69/Desktop/lab12/src/PathWrapper.java</file>
            <file>file:/C:/Users/wendlc69/Desktop/lab12/src/Driver.java</file>
            <file>file:/C:/Users/wendlc69/Desktop/lab12/src/Vertex.java</file>
            <file>file:/C:/Users/wendlc69/Desktop/lab12/src/Edge.java</file>
        </group>
    </open-files>
</project-private>
